{
  "south": 30.0985133,
  "north": 30.5166255,
  "west": -97.9367663,
  "east": -97.5605288
}