{
  "south": 33.659541,
  "north": 34.337306,
  "west": -118.6681798,
  "east": -118.1552983
}